-- phpMyAdmin SQL Dump
-- version 4.8.5
-- https://www.phpmyadmin.net/
--
-- Host: 127.0.0.1
-- Generation Time: Apr 14, 2020 at 07:45 PM
-- Server version: 10.1.40-MariaDB
-- PHP Version: 7.3.5

SET SQL_MODE = "NO_AUTO_VALUE_ON_ZERO";
SET AUTOCOMMIT = 0;
START TRANSACTION;
SET time_zone = "+00:00";


/*!40101 SET @OLD_CHARACTER_SET_CLIENT=@@CHARACTER_SET_CLIENT */;
/*!40101 SET @OLD_CHARACTER_SET_RESULTS=@@CHARACTER_SET_RESULTS */;
/*!40101 SET @OLD_COLLATION_CONNECTION=@@COLLATION_CONNECTION */;
/*!40101 SET NAMES utf8mb4 */;

--
-- Database: `toursdb`
--

-- --------------------------------------------------------

--
-- Table structure for table `actividades`
--

CREATE TABLE `actividades` (
  `id` int(11) NOT NULL,
  `nombre` varchar(25) NOT NULL
) ENGINE=InnoDB DEFAULT CHARSET=latin1;

--
-- Dumping data for table `actividades`
--

INSERT INTO `actividades` (`id`, `nombre`) VALUES
(1, 'Snorkel'),
(2, 'Buceo'),
(3, 'Parasailing'),
(4, 'Windsurfing'),
(5, 'Nadar con delfines'),
(6, 'Canopy'),
(7, 'Jet Ski'),
(8, 'Pesca Deportiva'),
(9, 'SeaTrek'),
(10, 'Sky Swimming'),
(11, 'Visita al Zoologico'),
(12, 'ATV');

-- --------------------------------------------------------

--
-- Table structure for table `clientes`
--

CREATE TABLE `clientes` (
  `id` int(11) NOT NULL,
  `email` varchar(30) NOT NULL,
  `primer_nombre` varchar(20) NOT NULL,
  `primer_apellido` varchar(20) NOT NULL,
  `telefono` varchar(15) NOT NULL
) ENGINE=InnoDB DEFAULT CHARSET=latin1;

--
-- Dumping data for table `clientes`
--

INSERT INTO `clientes` (`id`, `email`, `primer_nombre`, `primer_apellido`, `telefono`) VALUES
(123, 'jagom@gmail.com', 'Jago ', 'Morse', '(898) 790-3914'),
(124, 'bcorbett@gmail.com', 'Corbett', 'Bentley ', '(996) 311-5279'),
(125, 'MundaneGamer@gmail.com', 'Brenden ', 'Ramsey', '(334) 466-2702'),
(126, 'NextGamer@gmail.com', 'Imran ', 'Lawson', '(986) 222-6332'),
(127, 'DoubtfulGamer@gmail.com', 'Kiyan ', 'Oneill', '(676) 952-0304'),
(128, 'aWide7@gmail.com', 'Vinay ', 'Vinay ', '(299) 951-6876'),
(129, 'aGaudy7@gmail.com', 'Peyton ', 'Knox', '(691) 660-5820'),
(130, 'aMilky7@gmail.com', 'Alfie-Jay', 'Kaufman', '(478) 468-8888'),
(131, 'aDetermined7@gmail.com', 'Zara ', 'Adkins', '(687) 436-4918'),
(132, 'aDetermined73@gmail.com', 'Marek ', 'Webster', '(235) 344-5409'),
(133, 'aLame7@gmail.com', 'Emilis ', 'Serrano', '(974) 927-3356'),
(134, 'yellowBroken@yahoo.com', 'Habibah ', 'Miranda', '(312) 280-9628'),
(135, 'yellowCurly@yahoo.com', 'Zachary ', 'Martinez', '(707) 508-9874'),
(136, 'yellowWide-eyed@yahoo.com', 'Rosina ', 'Roberts', '(356) 508-8066'),
(137, 'yellowAbashed@yahoo.com', 'Lesley ', 'Beard', '(592) 437-9090'),
(138, 'leFlimsy@yahoo.com', 'Tayyab ', 'Naylor', '(421) 580-1508'),
(139, 'leSuperficial@yahoo.com', 'Ricky ', 'Mcfarlane', '(845) 572-4230'),
(140, 'leGabby@yahoo.com', 'Youssef ', 'Mcintyre', '(728) 677-5440'),
(141, 'usAblaze@yahoo.com', 'Jarrod ', 'Stanley', '(629) 288-5323'),
(142, 'usCurioussup@yahoo.comusCuriou', 'Susan ', 'Escobar', '(947) 378-8708'),
(143, 'usCalculatingsup@yahoo.com', 'Rhiannon ', 'Prosser', '(856) 772-4986'),
(144, 'usIcysup@yahoo.com', 'Neriah ', 'Bradford', '(708) 382-6475'),
(145, 'usPrevioussup@yahoo.com', 'Macauly ', 'Green', '(956) 258-4991'),
(146, 'usPushysup@yahoo.com', 'Dustin ', 'Sharples', '(731) 260-3260'),
(147, 'usEarlysup@yahoo.com', 'Duane ', 'Meyer', '(386) 726-3530'),
(148, 'artIll-fatedish@yahoo.com', 'Paloma ', 'Rivera', '(328) 346-6510'),
(149, 'artSlowish@yahoo.com', 'Kayson ', 'Vega', '(476) 655-9840'),
(150, 'artHelplessish@yahoo.com', 'Niall ', 'Lees', '(791) 868-7819'),
(151, 'artCarelessish@unicah.edu', 'Jared ', 'Macleod', '(840) 415-1050'),
(152, 'artFamiliarish@unicah.edu', 'Kiran ', 'Chamberlain', '(500) 901-7527'),
(153, 'artHandsomelyish@unicah.edu', 'Rueben ', 'Shannon', '(371) 212-5816'),
(154, 'artMushyish@unicah.edu', 'Ayaz ', 'Pope', '(461) 527-6580'),
(155, 'artMaterialish@unicah.edu', 'Izzy ', 'George', '(573) 989-5064'),
(156, 'artOptimalish@unicah.edu', 'Can ', 'Wilcox', '(986) 460-4021'),
(157, 'artOmniscientish@unicah.edu', 'Reiss ', 'Clarke', '(294) 870-0938'),
(158, 'artCrowdedish@unicah.edu', 'Kirstin ', 'Coates', '(418) 978-2014'),
(159, 'artSeriousish@unicah.edu', 'Dora ', 'Archer', '(208) 348-7831'),
(160, 'Depressedbear@unicah.edu', 'Nada ', 'Romero', '(571) 818-0314'),
(161, 'Lethalbear@unicah.edu', 'Ryley ', 'Rose', '(569) 716-3284'),
(162, 'Haplessbear@unicah.edu', 'Kiyan ', 'Mejia', '(398) 534-0255'),
(163, 'Adhocbear@unicah.edu', 'Shania ', 'Singleton', '(259) 558-2540'),
(164, 'Coolbear@unicah.edu', 'Honor ', 'Dunne', '(990) 574-9386'),
(165, 'helpfulVictoriouscrow@unicah.e', 'Mahdi ', 'Castaneda', '(723) 560-8345'),
(166, 'helpfulFullcrow@unicah.edu', 'Siobhan ', 'Gilmour', '(528) 802-5924'),
(167, 'helpfulAwarecrow@unicah.edu', 'Arron ', 'Travis', '(975) 673-2791'),
(168, 'helpfulActuallycrow123@unicah.', 'Elysia ', 'Aldred', '(537) 774-2416'),
(169, 'helpfulMadlycrow123@gmail.com', 'Shaunie ', 'Kenny', '(225) 242-2669'),
(170, 'helpfulLanguidcrow123@gmail.co', 'Marilyn ', 'Randolph', '(356) 669-7181'),
(171, 'helpfulNinecrow123@gmail.com', 'Ehsan ', 'Brewer', '(321) 321-2429'),
(172, 'helpfulHigh-pitchedcrow123@gma', 'Hanifa ', 'Guy', '(943) 829-6846'),
(173, 'helpfulGeneralcrow123@gmail.co', 'Alessandra ', 'Padilla', '(357) 900-6860'),
(174, 'helpfulDeadpancrow123@gmail.co', 'Alesha ', 'Kinney', '(993) 506-8517'),
(175, 'fireHushed89@gmail.com', 'Elize ', 'Adamson', '(773) 315-0936'),
(176, 'fireThird89@gmail.com', 'Clarice ', 'Rodriguez', '(276) 729-2399'),
(177, 'fireBig89@gmail.com', 'Lyla-Rose', 'Cornish', '(419) 253-1528'),
(178, 'fireHulking89@gmail.com', 'Ioan ', 'Sullivanx', '(381) 401-1869'),
(179, 'fireScreeching89@gmail.com', 'Annabella ', 'Dotson', '(217) 633-5054'),
(180, 'fireMoaning89@gmail.com', 'Aarush ', 'Ireland', '(921) 760-7391'),
(181, 'fireThankful89@gmail.com', 'Bonita ', 'Aguirre', '(367) 607-0502'),
(182, 'fireConscious89@gmail.com', 'Ella-Rose', 'Turnbull', '(406) 684-3040'),
(183, 'gtallpadi13@gmail.com', 'George', 'Allen', '(504) 9928-316'),
(184, 'hola12345@yahoo.com', 'Jorge', 'Paz', '(504) 9889-3445'),
(185, 'ades12343@yahoo.com', 'Israel', 'Saerio', '(504) 9554-5544'),
(186, 'prixs123823@gmail.com', 'Patricio', 'Santosis', '(504) 9445-3445'),
(187, 'gigi1223@gmail.com', 'Panfilo', 'Gonzo', '(504) 9434-6745'),
(188, 'geradt3823@gmail.com', 'Domingo', 'Mondragon', '(504) 9545-3467'),
(189, 'preciode23@gmail.com', 'Mily', 'Contreras', '(504) 9345-9445'),
(190, 'bcdff563@gmail.com', 'Herrero', 'Vaca', '(504) 9845-7644'),
(191, 'yunque43@gmail.com', 'Almen', 'Almendarez', '(504) 9445-3445'),
(192, 'tiburcis11@gmail.com', 'Andino', 'Carias', '(504) 9245-9875'),
(193, 'taerico@gmail.com', 'Josesi', 'Chicas', '(504) 8445-3345'),
(194, 'porfirio45@gmail.com', 'Porfirio', 'Sosa', '(504) 8945-3325'),
(195, 'carciotu77@gmail.com', 'Jeracito', 'Juda', '(504) 9885-3887'),
(196, 'beddrom7@gmail.com', 'Alcides', 'Castrillo', '(504) 9910-3881'),
(197, 'jovidio@gmail.com', 'Jaris', 'Castro', '98776777'),
(198, 'gtallenpadi13@gmail.com', 'Edward', 'Sheeran', '99283163'),
(206, 'thomas.allen13ta@gmail.com', 'Rene', 'Garcia', '99283163'),
(207, 'liltimmy@gmail.com', 'Tim', 'Allen', '98721845'),
(208, 'anthonyhgl@hotmail.com', 'Anthony', 'Gainor', '11554466'),
(210, 'bobbytarantino@gmail.com', 'Georgie', 'Padilla', '7281631'),
(211, 'cr7bbrerr@gmail.com', 'Cristiano', 'Ronal', '98761244'),
(212, 'galias213@gmail.com', 'Google', 'Alias', '99281333'),
(213, 'jdepp231@gmail.com', 'Johny', 'Depp', '12345544'),
(214, 'ggn00b8@gmail.com', 'Milissent', 'Gonzalez', '99826173'),
(369, 'davidcolin77@gmail.com', 'David', 'Cano', '(504) 8885-8987'),
(370, 'mariarosario12@gmail.com', 'Maria', 'Martinez', '(504) 9981-3327'),
(371, 'santiagocolin44@gmail.com', 'Santiago', 'Fortin', '(504) 9945-2827'),
(372, 'sebastianrojas1@gmail.com', 'Sebastian', 'Rojas', '(504) 8880-3883'),
(373, 'alejandrap99@gmail.com', 'Alejandra', 'Perez', '(504) 9484-7857'),
(374, 'mirnay78@gmail.com', 'Mirna', 'Yoxany', '(504) 9788-2897'),
(375, 'marco563@gmail.com', 'Marco', 'Vaca', '(504) 9849-7344'),
(376, 'mario43@gmail.com', 'Mario', 'Almendarez', '(504) 9455-3945'),
(377, 'tylor11@gmail.com', 'Tylor', 'Carias', '(504) 9355-9875'),
(378, 'joelher@gmail.com', 'Joel', 'Hernandez', '(504) 8347-3945'),
(379, 'panfilo33@gmail.com', 'Panfilo', 'Sosa', '(504) 8733-4525'),
(380, 'davidcolin78@gmail.com', 'Alberto', 'Krannox', '(504) 8885-8987'),
(381, 'francisco463@gmail.com', 'Francisco', 'Baca', '(504) 9998-7633'),
(382, 'yunicanales55@gmail.com', 'Yuni', 'Canales', '(504) 9455-8954'),
(383, 'nahum23@gmail.com', 'Nahum', 'Herraro', '(504) 9345-9925'),
(384, 'taresa45@gmail.com', 'Taresa', 'Fortin', '(504) 8967-4579'),
(385, 'daalberto78@gmail.com', 'Gago', 'Sosa', '(504) 8933-8945'),
(386, 'elimio33@gmail.com', 'Elimio', 'Castro', '(504) 8999-7789'),
(387, 'jorge89@gmail.com', 'Jorge', 'Galvez', '(504) 9945-7998'),
(388, 'karla44@gmail.com', 'Karla', 'Cano', '(504) 8955-9987'),
(389, 'carlosmontano89@gmail.com', 'Carlos', 'Montano', '(504) 8944-9989'),
(390, 'martinez56@gmail.com', 'Martinez', 'Sosa', '(504) 9945-3325'),
(391, 'forede44@gmail.com', 'Marta', 'Sosa', '(504) 8233-3988'),
(392, 'brandocolin@gmail.com', 'Branco', 'Soto', '(504) 8945-9934'),
(393, 'andrea89@gmail.com', 'Andrea', 'Romero', '(504) 8977-0325'),
(394, 'nicolej89@gmail.com', 'Nicole', 'Noval', '(504) 9985-8987'),
(395, 'juanhernandez@gmail.com', 'Juan', 'Hernandez', '(504) 8899-5499'),
(396, 'fhooodd@gmail.com', 'Samantha', 'Torres', '(504) 8967-2157'),
(397, 'ehhhuyu@gmail.com', 'Javier', 'Sosa', '(504) 8734-3667'),
(398, 'pepe67@gmail.com', 'Pepe', 'Lobo', '(504) 8933-8923'),
(399, 'milimar99@gmail.com', 'Mili', 'Martinez', '(504) 9833-7712'),
(400, 'elvis89@gmail.com', 'Elvis', 'Reneau', '(504) 9385-3987'),
(401, 'esaur77@gmail.com', 'Esau', 'Hernandez', '(504) 8869-5399'),
(402, 'denzel78@gmail.com', 'Denzel', 'Bernudez', '(504) 8947-2357'),
(403, 'allansi39@gmail.com', 'Allan', 'Simpson', '(504) 8339-3867'),
(404, 'eduardof22@gmail.com', 'Eduardo', 'Valle', '(504) 8333-8811'),
(405, 'herbert111@gmail.com', 'Herbert', 'Blanco', '(504) 9844-7113'),
(406, 'hectorm23@gmail.com', 'Hector', 'Noval', '(504) 9383-8380'),
(407, 'janely332@gmail.com', 'Janely', 'Hernandez', '(504) 8839-9419'),
(408, 'cinthiaena33@gmail.com', 'Cinthia', 'Sosa', '(504) 8969-3409'),
(409, 'antony712@gmail.com', 'Antony', 'Rojas', '(504) 8877-3733'),
(410, 'melisaore34@gmail.com', 'Melisa', 'Orellana', '(504) 8911-4423'),
(411, 'alexis56@gmail.com', 'Alexis', 'Martinez', '(504) 9999-7212'),
(412, 'gerandomar87@gmail.com', 'Gerando', 'Rojas', '(504) 9771-9320'),
(413, 'Josuelo78@gmail.com', 'Josue', 'Nortal', '(504) 9901-0987'),
(414, 'florez33@gmail.com', 'Flores', 'Alvarez', '(504) 8809-5679'),
(415, 'nelsontorres@gmail.com', 'Nelson', 'Torres', '(504) 3367-9157'),
(416, 'mariavaca23@gmail.com', 'Maria', 'Barriento', '(504) 8734-3667'),
(417, 'daneil22@gmail.com', 'Daniel', 'Lobo', '(504) 8939-8011'),
(418, 'danielar45@gmail.com', 'Daniela', 'Romero', '(504) 9480-0821'),
(419, 'maribel@gmail.com', 'Maribel', 'Acosta', '(504) 9935-5681'),
(420, 'dennieac98@gmail.com', '	Dennie', 'Acosta', '(504) 3399-3281'),
(421, 'angiecolin@gmail.com', 'Angie', 'Morales', '(504) 8368-2133'),
(422, 'leticia78@gmail.com', 'Leticia', 'Martinez', '(504) 8389-1210'),
(423, 'marlonor33@gmail.com', 'Marlon', 'Orellana', '(504) 8344-9830'),
(424, 'oscar99@gmail.com', 'Oscar', 'Castro', '(504) 9967-8002'),
(425, 'yeni45@gmail.com', 'Yeni', 'Cooper', '(504) 9989-8980'),
(426, 'katherine54@gmail.com', 'Katherine', 'Hernandez', '(504) 8809-4490'),
(427, 'Osmany33@gmail.com', 'Osmany', 'Sosa', '(504) 8233-3469'),
(428, 'ruthcolin12@gmail.com', 'Ruth', 'Cortez', '(504) 8944-8621'),
(429, 'samuel98@gmail.com', 'Samuel', 'Martinez', '(504) 9343-2092'),
(430, 'gimena65@gmail.com', 'Gimena', 'Sarmiento', '(504) 9373-9131'),
(431, 'gustavocano44@gmail.com', 'Gustavo', 'Cano', '(504) 9280-3279'),
(432, 'albertovv44@gmail.com', 'Alberto', 'Valle', '(504) 9983-2092'),
(433, 'jesuscas89@gmail.com', 'Jesus', 'Castro', '(504) 9973-9031'),
(434, 'zoilaa45@gmail.com', 'Zoila', 'Aguilar', '(504) 9800-3271'),
(435, 'katiajuarez32@gmail.com', 'Katia', 'Juarez', '(504) 9947-0032'),
(436, 'jenniferlo78@gmail.com', 'Jennifer', 'Lopez', '(504) 9373-9131'),
(437, 'luisca11@gmail.com', 'Luis', 'Castro', '(504) 9950-6279'),
(438, 'jimenajj@gmail.com', 'Jimena', 'Martinez', '(504) 9700-9095'),
(439, 'anaososrio00@gmail.com', 'Ana', 'Osorio', '(504) 9903-9871'),
(440, 'adbielbubu@gmail.com', 'Adbiel', 'Rojas', '(504) 9990-2209'),
(441, 'thomascrack@gmail.com', 'Thomas', 'Rodriguez', '(504) 9997-0939'),
(443, 'taranbobby@kill.com', 'Logic', 'Tarantino', '9912-90121'),
(444, '', '', '', ''),
(445, 'dlipa@gmail.com', 'Dua', 'Lipa', '8971-1232'),
(446, 'adamlvn5@maroon.com', 'Adam', 'Levine', '9088-1131'),
(447, 'hfel@gmail.com', 'Helix', 'Felix', '8781-0912'),
(448, 'amalone@gmail.com', 'Austin', 'Malone', '9090-1135'),
(449, 'dodojack@gmail.com', 'Dorian', 'Jackson', '9871-7861'),
(450, 'jmayer@gmail.com', 'John', 'Mayer', '8790-1276');

-- --------------------------------------------------------

--
-- Table structure for table `departamentos`
--

CREATE TABLE `departamentos` (
  `id` int(11) NOT NULL,
  `nombre` varchar(20) NOT NULL
) ENGINE=InnoDB DEFAULT CHARSET=latin1;

--
-- Dumping data for table `departamentos`
--

INSERT INTO `departamentos` (`id`, `nombre`) VALUES
(1, 'Islas de la Bahia');

-- --------------------------------------------------------

--
-- Table structure for table `empleados`
--

CREATE TABLE `empleados` (
  `id` int(11) NOT NULL,
  `username` varchar(20) NOT NULL,
  `contra` varchar(20) NOT NULL,
  `primer_nombre` varchar(20) NOT NULL,
  `primer_apellido` varchar(20) NOT NULL,
  `telefono` varchar(15) NOT NULL,
  `email` varchar(30) NOT NULL,
  `id_posicion` int(11) NOT NULL,
  `tipo_usuario_id` int(11) NOT NULL
) ENGINE=InnoDB DEFAULT CHARSET=latin1;

--
-- Dumping data for table `empleados`
--

INSERT INTO `empleados` (`id`, `username`, `contra`, `primer_nombre`, `primer_apellido`, `telefono`, `email`, `id_posicion`, `tipo_usuario_id`) VALUES
(1, 'gtallen13', 'rhcp90', 'George', 'Allen', '99283163', 'gtallenpadi13@gmail.com', 1, 1),
(2, 'ccnav30', 'guapo20', 'Carlos', 'Navarro', '99881731', 'carloscuadra@gmail.com', 1, 1),
(3, 'gustavoo23', 'kranox', 'Gustavo', 'Cano', '33565821', 'gustavoc23@gmail.com', 1, 1),
(4, 'jdavid7', 'jgiron', 'Jorge', 'Giron', '98716381', 'jorgegiron@gmail.com', 1, 1),
(5, 'djdavid', 'davsua20', 'David', 'Colindres', '98612713', 'davidcol@gmail.com', 1, 1),
(6, 'lball', 'yeahyah', 'Lloyd ', 'Ball', '33562512', 'lball@gmail.com', 2, 2),
(7, 'bonniem', 'pass231', 'Bonnie ', 'Marks', '99017313', 'bmarks@yahoo.com', 3, 2),
(8, 'teresa32', 'terter1', 'Teresa ', 'Bowler', '90927391', 'terebow@gmail.com', 2, 2),
(9, 'denicano', 'cano671', 'Deniz ', 'Cano', '33526255', 'denizcano@hotmail.com', 2, 2),
(10, 'tehough', 'mrlonely12', 'Teri ', 'Hough', '99081831', 'houghteri@yahoo.com', 2, 2),
(11, 'abdulerson', 'dreaming190', 'Abdullahi ', 'Dickerson', '82738103', 'abdul@yahoo.com', 2, 2),
(12, 'guslinear', 'linearequake', 'Gus ', 'Lin', '33579390', 'lingusss@outlook.com', 3, 2),
(13, 'cranaor', 'simpleton77', 'Lorna ', 'Crane', '90908989', 'lornacr@gmail.com', 3, 2),
(14, 'ownez', 'mamamia90', 'Zakariyah ', 'Owen', '34524163', 'owen59@yahoo.com', 3, 2),
(15, 'kailantrayor', 'pizzamia', 'Kailan ', 'Traynor', '89890921', 'kailanntray@yahoo.com', 2, 2),
(16, 'david030', 'david123', 'David ', 'Colindres', '89906989', 'david030@gmail.com', 1, 1),
(17, 'javier99', 'jcastro9', 'Javier ', 'Castro', '33529163', 'javierca66@yahoo.com', 1, 2),
(18, 'kathia01', 'kfunez0101', 'Kathia ', 'Funez', '32577390', 'kathia01@outlook.com', 2, 2),
(19, 'marcobar7', 'marco7bar', 'Marco ', 'Barriento', '9905989', 'marcob7@gmail.com', 1, 2),
(20, 'omardu45', 'papo89', 'Omar ', 'Duarto', '33529163', 'omarduarto00@yahoo.com', 2, 2),
(21, 'luisj09', 'master09', 'Luis ', 'Juarez', '99579320', 'luisj099@outlook.com', 3, 2),
(22, 'nicole10', 'martinezn10', 'Nicole ', 'Martinez', '99988921', 'nicolem10@gmail.com', 1, 1),
(23, 'joelg', 'elguapo99', 'Joel ', 'Galeas', '33527163', 'joelg59@yahoo.com', 1, 2),
(24, 'gastonm49', 'carroloco', 'Gaston ', 'Martinez', '99579300', 'gastonm5@outlook.com', 3, 2),
(25, 'allansimp99', 'simpsion00', 'Allan ', 'Simpsion', '99936789', 'allan89@gmail.com', 2, 2),
(26, 'maria77', 'pizza01', 'Maria ', 'Herrera', '33520163', 'mariah7@yahoo.com', 1, 1),
(27, 'ruth02', 'colin02', '	Ruth ', 'Acosta', '32579396', 'ruthacosta9@outlook.com', 1, 2),
(28, 'rogergg69', 'elpatron99', 'Roger ', 'Guardado', '97908930', 'rogerguar99@gmail.com', 2, 2),
(29, 'dolores', 'martinez99', 'Dolores ', 'Martinez', '33524187', 'doloresmar98@yahoo.com', 2, 2),
(30, 'carlosl22', 'soselmejor22', 'Carlos ', 'Lopez', '33079310', 'carlosl98@outlook.com', 1, 2),
(31, 'juancua55', 'todosepuede01', 'Juan ', 'Cuadrado', '99900982', 'juancua55@gmail.com', 3, 2),
(32, 'honda88', 'limh0', 'Honda ', 'Lim', '33524263', 'hondalim88@yahoo.com', 1, 2),
(33, 'davidPF3', 'david030', 'David ', 'Colindres', '89336940', 'davidcolindres030@gmail.com', 2, 2),
(34, 'gustavoPF2', 'gustavo020', 'Gusato ', 'Cano', '32278315', 'gustavo00inmare@gmail.com', 1, 2),
(35, 'carlosPF4', 'carlos040', 'Carlos ', 'Navarro', '89817952', 'carloscuadra14@gmail.com', 3, 2),
(36, 'jorgePF5', 'jorge050', 'Jorge ', 'Giron', '98590618', 'jorge1giron18@gmail.com', 3, 2),
(37, 'thomasPF1', 'thomas010', 'Thomas ', 'Allen', '99283163', 'gtallenpandi13@gmail.com', 1, 2),
(38, 'karlamar45', 'loca00', 'Karla ', 'Martinez', '99890011', 'karlamartinez@yahoo.com', 2, 2),
(39, 'drake77', 'passionfruit', 'Aubrey', 'Graham', '9087-6511', 'mrdrake77@gmail.com', 2, 2),
(48, 'drake77', 'queloque', 'Qentin', 'Bentin', '9012-8712', 'qbentin@gmail.com', 1, 1),
(50, 'imadragons', 'zeroplay', 'Hello', 'Real', '1111-7777', 'thebestband@bands.com', 2, 2),
(51, 'sting', 'stinger', 'Shape', 'Heart', '9087-1021', 'something@someone.com', 3, 1),
(53, 'sting12', 'stinger', 'Shape', 'Heart', '9965-0912', 'something90@someone.com', 3, 2);

-- --------------------------------------------------------

--
-- Table structure for table `empleados_reservaciones`
--

CREATE TABLE `empleados_reservaciones` (
  `id` int(11) NOT NULL,
  `reservacion_id` int(11) NOT NULL,
  `empleados_id` int(11) NOT NULL
) ENGINE=InnoDB DEFAULT CHARSET=latin1;

--
-- Dumping data for table `empleados_reservaciones`
--

INSERT INTO `empleados_reservaciones` (`id`, `reservacion_id`, `empleados_id`) VALUES
(555, 2, 6),
(556, 2, 7),
(557, 3, 7),
(558, 3, 9),
(559, 4, 13),
(560, 4, 8),
(561, 5, 21),
(562, 5, 11),
(563, 6, 31),
(564, 6, 24),
(565, 7, 25),
(566, 7, 31),
(567, 8, 31),
(568, 8, 8),
(569, 9, 31),
(570, 9, 18),
(571, 10, 13),
(572, 10, 10),
(573, 11, 14),
(574, 11, 37),
(575, 12, 21),
(576, 12, 10),
(577, 13, 37),
(578, 13, 31),
(579, 14, 35),
(580, 14, 6),
(581, 15, 7),
(582, 15, 10),
(583, 16, 21),
(584, 16, 18),
(585, 17, 12),
(586, 17, 18),
(587, 18, 21),
(588, 18, 28),
(589, 19, 12),
(590, 19, 18),
(591, 20, 31),
(592, 20, 29),
(593, 21, 29),
(594, 21, 24),
(595, 22, 10),
(596, 22, 29),
(597, 23, 31),
(598, 23, 20),
(599, 24, 13),
(600, 24, 10),
(601, 25, 9),
(602, 25, 31),
(603, 26, 18),
(604, 26, 13),
(605, 27, 11),
(606, 27, 21),
(607, 28, 31),
(608, 28, 10),
(609, 29, 11),
(610, 29, 31),
(611, 30, 11),
(612, 30, 21),
(613, 31, 24),
(614, 31, 33),
(615, 32, 10),
(616, 32, 13),
(617, 33, 11),
(618, 33, 18),
(619, 34, 20),
(620, 34, 31),
(621, 35, 35),
(622, 35, 6),
(623, 36, 9),
(624, 36, 21),
(625, 37, 12),
(626, 37, 10),
(627, 38, 6),
(628, 38, 31),
(629, 39, 14),
(630, 39, 20),
(631, 40, 14),
(632, 40, 10),
(633, 41, 13),
(634, 42, 18),
(635, 43, 6),
(636, 44, 7),
(637, 45, 13),
(638, 45, 11),
(639, 46, 25),
(640, 46, 31),
(641, 47, 10),
(642, 47, 31),
(643, 48, 33),
(644, 48, 13),
(645, 49, 7),
(646, 49, 20),
(647, 50, 21),
(648, 50, 10),
(649, 51, 13),
(650, 51, 10),
(651, 52, 20),
(652, 52, 31),
(653, 53, 29),
(654, 53, 12),
(655, 54, 31),
(656, 54, 28),
(657, 55, 10),
(658, 55, 21),
(659, 56, 10),
(660, 56, 7),
(661, 57, 21),
(662, 57, 11),
(663, 58, 13),
(664, 58, 20),
(665, 59, 29),
(666, 59, 31),
(667, 60, 24),
(668, 60, 11),
(669, 61, 24),
(670, 61, 11),
(671, 62, 11),
(672, 62, 21),
(673, 63, 6),
(674, 63, 21),
(675, 64, 7),
(676, 64, 31),
(677, 65, 33),
(678, 65, 21),
(679, 66, 29),
(680, 66, 12),
(681, 67, 14),
(682, 67, 11),
(683, 68, 28),
(684, 68, 35),
(685, 69, 29),
(686, 69, 35),
(687, 70, 18),
(688, 70, 21),
(689, 71, 31),
(690, 71, 6),
(691, 72, 9),
(692, 72, 13),
(693, 73, 20),
(694, 73, 24),
(695, 74, 31),
(696, 74, 10),
(697, 75, 28),
(698, 75, 24),
(699, 76, 20),
(700, 76, 24),
(701, 77, 14),
(702, 77, 10),
(703, 78, 31),
(704, 78, 33),
(705, 79, 29),
(706, 79, 21),
(707, 80, 24),
(708, 80, 6),
(709, 81, 14),
(710, 81, 29),
(711, 82, 11),
(712, 82, 14),
(713, 83, 20),
(714, 83, 24),
(715, 84, 31),
(716, 84, 33),
(717, 85, 28),
(718, 85, 21),
(719, 86, 10),
(720, 86, 14),
(721, 87, 24),
(722, 87, 37),
(723, 88, 6),
(724, 88, 7),
(725, 89, 12),
(726, 89, 10),
(727, 90, 25),
(728, 90, 31),
(729, 91, 20),
(730, 91, 21),
(731, 92, 31),
(732, 92, 10),
(733, 93, 28),
(734, 93, 14),
(735, 94, 12),
(736, 94, 9),
(737, 110, 7),
(738, 110, 29),
(739, 111, 33),
(740, 111, 21),
(741, 112, 6),
(742, 112, 7),
(743, 113, 8),
(744, 113, 12),
(745, 114, 9),
(746, 114, 13),
(747, 115, 10),
(748, 115, 14),
(749, 116, 11),
(750, 116, 21),
(751, 117, 15),
(752, 117, 24),
(753, 118, 18),
(754, 118, 31),
(755, 119, 20),
(756, 119, 35),
(757, 120, 25),
(758, 120, 36),
(759, 121, 28),
(760, 121, 51),
(761, 122, 29),
(762, 122, 53),
(763, 123, 6),
(764, 123, 7),
(765, 124, 8),
(766, 124, 12),
(767, 125, 9),
(768, 125, 13),
(769, 126, 10),
(770, 126, 14),
(771, 127, 11),
(772, 127, 21),
(773, 128, 15),
(774, 128, 24),
(775, 129, 18),
(776, 129, 31),
(777, 130, 20),
(778, 130, 35),
(779, 131, 20),
(780, 131, 36),
(781, 132, 25),
(782, 132, 51),
(783, 133, 28),
(784, 133, 53),
(785, 134, 6),
(786, 134, 7),
(787, 135, 12),
(788, 136, 8),
(789, 136, 13),
(790, 137, 9),
(791, 137, 13),
(792, 138, 10),
(793, 138, 14),
(794, 139, 11),
(795, 139, 14),
(796, 140, 15),
(797, 140, 21),
(798, 141, 18),
(799, 141, 24),
(800, 142, 20),
(801, 142, 31),
(802, 143, 25),
(803, 143, 35),
(804, 144, 28),
(805, 144, 36),
(806, 145, 29),
(807, 145, 51),
(808, 146, 33),
(809, 146, 53),
(810, 147, 38),
(811, 147, 7),
(812, 148, 39),
(813, 148, 12),
(814, 149, 50),
(815, 149, 13),
(816, 150, 6),
(817, 150, 14),
(818, 151, 8),
(819, 151, 21),
(820, 152, 9),
(821, 152, 24),
(822, 153, 10),
(823, 153, 31),
(824, 154, 11),
(825, 154, 35),
(826, 155, 15),
(827, 155, 36),
(828, 156, 18),
(829, 156, 51),
(830, 157, 20),
(831, 157, 53),
(832, 158, 15),
(833, 158, 7),
(834, 159, 18),
(835, 159, 12),
(836, 160, 20),
(837, 160, 13),
(838, 161, 25),
(839, 161, 14),
(840, 162, 28),
(841, 162, 21),
(842, 163, 29),
(843, 163, 24),
(844, 164, 33),
(845, 164, 31),
(846, 165, 38),
(847, 165, 35),
(848, 166, 39),
(849, 166, 36),
(850, 167, 50),
(851, 167, 51),
(852, 168, 6),
(853, 168, 53),
(854, 169, 8),
(855, 169, 7),
(856, 169, 9),
(857, 170, 12),
(858, 171, 10),
(859, 171, 13),
(860, 172, 11),
(861, 172, 14),
(862, 173, 15),
(863, 173, 21),
(864, 174, 18),
(865, 174, 24),
(866, 175, 20),
(867, 175, 31),
(868, 176, 25),
(869, 176, 35),
(870, 177, 28),
(871, 177, 36),
(872, 178, 29),
(873, 178, 51),
(874, 179, 33),
(875, 179, 53),
(876, 180, 38),
(877, 180, 7),
(878, 181, 39),
(879, 181, 12),
(880, 182, 50),
(881, 182, 13),
(882, 183, 6),
(883, 183, 14),
(884, 184, 8),
(885, 184, 21),
(886, 185, 9),
(887, 185, 24),
(888, 186, 10),
(889, 186, 31),
(890, 187, 11),
(891, 187, 35),
(892, 188, 15),
(893, 188, 36),
(894, 189, 18),
(895, 189, 51),
(896, 190, 20),
(897, 190, 53),
(898, 191, 25),
(899, 191, 7),
(900, 192, 28),
(901, 192, 12),
(902, 193, 29),
(903, 193, 13),
(904, 194, 33),
(905, 194, 14),
(906, 195, 38),
(907, 195, 21),
(908, 196, 39),
(909, 196, 24),
(910, 197, 50),
(911, 197, 31),
(912, 198, 6),
(913, 198, 35),
(914, 199, 8),
(915, 200, 36);

-- --------------------------------------------------------

--
-- Table structure for table `municipios`
--

CREATE TABLE `municipios` (
  `id` int(11) NOT NULL,
  `nombre` varchar(20) NOT NULL,
  `id_departamento` int(11) NOT NULL
) ENGINE=InnoDB DEFAULT CHARSET=latin1;

--
-- Dumping data for table `municipios`
--

INSERT INTO `municipios` (`id`, `nombre`, `id_departamento`) VALUES
(1, 'Roatan', 1),
(2, 'Jose Santos Guardiol', 1);

-- --------------------------------------------------------

--
-- Table structure for table `posiciones`
--

CREATE TABLE `posiciones` (
  `id` int(11) NOT NULL,
  `nombre` varchar(15) NOT NULL
) ENGINE=InnoDB DEFAULT CHARSET=latin1;

--
-- Dumping data for table `posiciones`
--

INSERT INTO `posiciones` (`id`, `nombre`) VALUES
(1, 'Administrativo'),
(2, 'Tour Guide'),
(3, 'Transportista');

-- --------------------------------------------------------

--
-- Table structure for table `reservaciones`
--

CREATE TABLE `reservaciones` (
  `id` int(11) NOT NULL,
  `fecha_inicio_tour` datetime NOT NULL,
  `fecha_final_tour` datetime NOT NULL,
  `cantidad_turistas` int(11) NOT NULL,
  `precio_total` decimal(8,2) NOT NULL,
  `fecha_creacion` datetime NOT NULL,
  `id_clientes` int(11) NOT NULL,
  `tours_id` int(11) NOT NULL,
  `cancelado` int(11) DEFAULT NULL
) ENGINE=InnoDB DEFAULT CHARSET=latin1;

--
-- Dumping data for table `reservaciones`
--

INSERT INTO `reservaciones` (`id`, `fecha_inicio_tour`, `fecha_final_tour`, `cantidad_turistas`, `precio_total`, `fecha_creacion`, `id_clientes`, `tours_id`, `cancelado`) VALUES
(2, '2019-03-12 10:00:00', '2019-03-12 16:00:00', 2, '298.00', '2019-02-12 15:00:00', 123, 1, 0),
(3, '2019-05-31 14:30:00', '2019-05-31 18:30:00', 10, '1490.00', '0000-00-00 00:00:00', 123, 1, 0),
(4, '2019-04-22 15:30:00', '2019-04-22 20:30:00', 5, '745.00', '2019-04-12 22:45:42', 123, 1, 0),
(5, '2019-12-13 10:00:00', '2019-12-13 15:30:00', 1, '149.00', '2019-12-03 01:24:25', 123, 1, 0),
(6, '2019-03-12 12:00:00', '2019-03-12 16:30:00', 2, '181.00', '2018-08-07 08:49:24', 123, 2, 1),
(7, '2019-09-09 12:30:05', '2019-09-09 17:45:00', 3, '961.50', '2019-08-09 01:45:05', 123, 2, 1),
(8, '2018-01-21 09:30:00', '2018-01-21 17:30:00', 5, '1602.50', '2018-01-15 09:34:13', 124, 2, 0),
(9, '2018-01-21 09:30:00', '2018-01-21 12:40:12', 1, '320.50', '2018-01-19 09:34:13', 125, 2, 0),
(10, '2019-02-05 14:40:00', '2019-02-05 19:00:00', 2, '641.00', '2019-01-02 14:47:07', 126, 2, 0),
(11, '2019-02-05 10:00:00', '2019-02-05 14:00:00', 1, '320.50', '2019-01-05 14:47:07', 126, 2, 0),
(12, '2019-02-06 14:47:07', '2019-02-07 12:00:00', 3, '961.00', '2019-01-05 14:47:07', 127, 2, 1),
(13, '2019-03-07 15:00:00', '2019-03-07 20:30:00', 1, '200.35', '2019-03-01 15:00:46', 127, 3, 0),
(14, '2019-03-10 15:00:00', '2019-03-07 18:30:00', 3, '601.50', '2019-02-07 15:13:41', 127, 3, 0),
(15, '2020-02-18 16:00:00', '2020-02-18 20:30:00', 2, '400.70', '2020-02-09 16:27:46', 128, 3, 0),
(16, '2019-04-24 11:30:00', '2019-04-24 18:00:00', 4, '392.34', '2019-02-10 11:29:53', 129, 4, 0),
(17, '2020-01-02 07:30:00', '2020-01-02 10:30:00', 2, '641.00', '2020-01-02 07:30:00', 130, 2, 0),
(18, '2020-02-02 08:30:00', '2020-02-02 09:30:00', 4, '1282.00', '2020-02-02 07:30:00', 140, 2, 0),
(19, '2020-01-25 13:00:00', '2020-01-25 16:00:00', 1, '320.50', '2020-01-24 10:39:00', 138, 2, 0),
(20, '2019-10-10 09:30:00', '2019-10-10 10:30:00', 1, '149.00', '2019-10-10 08:30:00', 150, 1, 0),
(21, '2020-01-13 14:00:00', '2020-01-13 16:30:00', 2, '298.00', '2020-01-12 17:30:00', 135, 1, 0),
(22, '2020-02-03 11:30:00', '2020-02-03 13:30:00', 3, '447.00', '2020-02-02 18:30:00', 139, 1, 0),
(23, '2019-08-23 13:45:00', '2019-08-23 15:45:00', 9, '1341.00', '2019-08-15 13:30:00', 167, 1, 0),
(24, '2019-09-02 09:45:00', '2019-09-02 11:45:00', 1, '130.78', '2019-09-02 08:30:00', 154, 4, 0),
(25, '2020-01-25 08:20:00', '2020-01-25 12:00:00', 6, '784.68', '2020-01-22 15:13:00', 143, 4, 0),
(26, '2020-03-11 09:35:00', '2020-03-11 10:45:00', 2, '641.00', '2020-03-02 17:00:00', 147, 2, 0),
(27, '2019-11-28 13:00:00', '2019-11-28 17:00:00', 8, '726.24', '2019-11-13 15:30:00', 149, 6, 0),
(28, '2020-01-09 09:30:00', '2020-01-09 11:30:00', 1, '125.45', '2020-01-06 09:30:00', 164, 9, 0),
(29, '2019-04-24 11:30:00', '2019-04-24 15:00:00', 2, '400.07', '2019-02-10 11:29:53', 129, 3, 0),
(30, '2018-03-09 07:30:00', '2018-03-09 17:00:00', 3, '632.70', '2018-02-14 14:29:53', 129, 5, 0),
(31, '2019-03-15 08:30:00', '2019-03-15 15:00:00', 4, '443.12', '2019-02-14 14:29:53', 129, 7, 0),
(32, '2018-03-09 07:30:00', '2018-03-09 17:00:00', 3, '632.70', '2018-02-14 14:29:53', 129, 5, 0),
(33, '2017-05-09 08:30:00', '2017-05-09 17:00:00', 5, '1600.00', '2017-02-14 14:29:53', 129, 8, 0),
(34, '2018-12-19 09:00:00', '2018-12-19 14:00:00', 3, '961.50', '2018-02-18 14:29:53', 129, 2, 0),
(35, '2019-07-10 10:30:00', '2019-07-10 17:00:00', 4, '843.60', '2019-03-14 15:29:53', 129, 5, 0),
(36, '2018-04-25 09:30:00', '2018-04-25 16:00:00', 3, '376.35', '2018-02-20 10:29:53', 129, 9, 0),
(37, '2019-08-05 08:30:00', '2019-08-05 20:00:00', 1, '125.45', '2019-02-01 13:29:53', 129, 9, 0),
(38, '2018-04-25 09:30:00', '2018-04-25 17:00:00', 3, '961.50', '2018-02-14 14:24:53', 178, 2, 0),
(39, '2019-05-15 08:00:00', '2019-05-15 18:00:00', 6, '544.68', '2018-02-19 14:29:53', 185, 6, 0),
(40, '2018-11-17 08:30:00', '2018-11-17 16:00:00', 3, '300.00', '2018-05-15 14:29:53', 139, 11, 0),
(41, '2019-04-26 10:00:00', '2019-04-26 13:00:00', 2, '250.90', '2019-01-12 11:00:53', 150, 9, 0),
(42, '2019-04-29 10:30:00', '2019-04-29 17:00:00', 2, '421.80', '2019-01-12 11:02:50', 150, 5, 0),
(43, '2018-03-15 08:30:00', '2018-03-15 15:00:00', 4, '443.12', '2018-02-14 14:29:53', 153, 7, 0),
(44, '2019-03-09 07:30:00', '2019-03-09 17:00:00', 5, '1600.00', '2019-02-14 14:29:53', 159, 8, 0),
(45, '2020-01-09 08:30:00', '2020-01-09 17:00:00', 3, '960.00', '2017-02-14 14:29:53', 170, 8, 0),
(46, '2019-12-19 14:00:00', '2019-12-19 18:00:00', 10, '3205.00', '2019-02-18 14:29:53', 175, 2, 0),
(47, '2017-07-10 11:30:00', '2017-07-10 17:00:00', 6, '600.00', '2017-03-14 15:29:53', 173, 11, 0),
(48, '2018-10-25 13:00:00', '2018-10-25 16:00:00', 15, '3163.50', '2018-09-20 10:29:53', 180, 5, 0),
(49, '2019-06-05 10:30:00', '2019-06-05 16:00:00', 7, '2243.50', '2019-05-20 13:29:53', 182, 2, 0),
(50, '2018-04-25 09:00:00', '2018-04-25 17:00:00', 12, '1200.00', '2018-02-14 14:24:53', 184, 11, 0),
(51, '2018-05-15 08:00:00', '2018-05-15 18:00:00', 6, '544.68', '2018-02-19 14:29:53', 185, 6, 0),
(52, '2019-11-17 10:30:00', '2019-11-17 16:00:00', 20, '6400.00', '2019-05-15 14:29:53', 188, 8, 0),
(53, '2019-04-26 10:00:00', '2019-04-26 13:00:00', 2, '250.90', '2019-01-12 11:00:53', 150, 9, 0),
(54, '2019-04-25 11:00:00', '2019-04-25 17:30:00', 6, '894.00', '2019-02-11 18:30:00', 130, 2, 0),
(55, '2019-05-01 11:00:00', '2019-05-01 13:10:00', 8, '1046.24', '2019-02-12 15:45:00', 131, 3, 0),
(56, '2019-05-03 09:00:00', '2019-05-03 12:50:00', 2, '641.00', '2019-02-13 17:30:40', 130, 2, 0),
(57, '2019-05-05 08:00:00', '2019-05-05 11:50:00', 4, '698.80', '2019-02-14 15:30:40', 131, 1, 0),
(58, '2019-05-03 09:00:00', '2019-05-03 10:50:00', 2, '642.00', '2019-02-15 14:50:40', 132, 2, 0),
(59, '2019-05-04 07:30:00', '2019-05-04 11:50:00', 3, '961.50', '2019-02-16 10:10:40', 133, 3, 0),
(60, '2019-05-05 14:00:00', '2019-05-05 19:10:00', 5, '1298.00', '2019-02-18 17:30:40', 134, 5, 0),
(61, '2019-05-06 10:00:00', '2019-05-06 18:50:00', 2, '298.00', '2019-02-21 14:30:40', 135, 1, 0),
(62, '2019-05-07 15:00:00', '2019-05-07 15:50:00', 3, '698.34', '2019-02-23 11:30:40', 136, 3, 0),
(63, '2019-05-08 09:00:00', '2019-05-08 14:50:00', 3, '961.50', '2019-02-25 14:30:40', 137, 1, 0),
(64, '2019-05-09 19:00:00', '2019-05-09 19:50:00', 3, '961.50', '0000-00-00 00:00:00', 138, 4, 0),
(65, '2019-05-10 12:00:00', '2019-05-10 13:50:00', 8, '1687.20', '0000-00-00 00:00:00', 139, 4, 0),
(66, '2019-05-17 08:00:00', '2019-05-17 13:40:00', 2, '298.00', '2019-03-01 15:30:00', 140, 1, 0),
(67, '2019-05-18 07:00:00', '2019-05-18 15:00:00', 4, '843.60', '2019-03-09 16:00:00', 141, 2, 0),
(68, '2019-05-19 09:40:00', '2019-05-19 13:56:00', 3, '961.50', '2019-03-10 14:00:00', 142, 5, 0),
(69, '2019-05-20 13:00:00', '2019-05-20 17:29:00', 1, '320.50', '2019-03-10 17:59:00', 143, 2, 0),
(70, '2019-05-21 17:00:00', '2019-05-21 19:50:00', 3, '961.50', '2019-03-13 19:59:00', 144, 4, 0),
(71, '2019-05-23 10:40:00', '2019-05-23 11:59:00', 3, '632.70', '2019-03-14 13:30:40', 145, 2, 0),
(72, '2019-05-22 13:00:00', '2019-05-22 14:29:00', 1, '320.50', '2019-03-10 16:59:00', 146, 3, 0),
(73, '2019-05-28 17:00:00', '2019-05-28 19:50:00', 3, '961.50', '2019-03-13 20:00:00', 147, 2, 0),
(74, '2019-05-24 10:00:00', '2019-05-24 13:11:00', 3, '632.70', '2019-03-14 14:30:40', 148, 3, 0),
(75, '2019-05-25 08:00:00', '2019-05-25 17:40:00', 2, '298.00', '2019-03-01 18:30:00', 149, 1, 0),
(76, '2019-05-26 07:00:00', '2019-05-26 13:00:00', 4, '843.60', '2019-03-09 14:59:00', 150, 3, 0),
(77, '2019-05-27 07:00:00', '2019-05-27 16:20:00', 4, '843.60', '2019-03-09 16:30:00', 151, 2, 0),
(78, '2020-01-01 08:50:00', '2020-01-01 13:00:00', 4, '843.60', '2019-03-10 16:50:00', 151, 1, 0),
(79, '2020-01-03 09:20:00', '2020-01-03 16:40:00', 2, '298.00', '2019-03-14 17:30:00', 152, 3, 0),
(80, '2020-01-05 07:00:00', '2020-01-05 12:30:00', 4, '843.60', '2019-03-15 16:00:00', 153, 1, 0),
(81, '2020-01-08 08:40:00', '2020-01-08 16:30:00', 3, '961.50', '2019-03-17 15:00:00', 154, 4, 0),
(82, '2020-01-10 12:00:00', '2020-01-10 13:29:00', 1, '320.50', '2019-03-20 18:59:00', 155, 1, 0),
(83, '2020-01-11 09:00:00', '2020-01-11 14:40:00', 3, '961.50', '2019-03-21 19:39:00', 156, 2, 0),
(84, '2020-10-26 10:00:00', '2020-10-26 13:00:00', 2, '250.90', '2019-11-12 11:00:53', 150, 9, 0),
(85, '2020-04-29 10:30:00', '2020-04-29 17:00:00', 2, '421.80', '2020-01-12 11:02:50', 150, 5, 0),
(86, '2020-07-15 08:30:00', '2020-07-15 15:00:00', 4, '443.12', '2020-02-14 14:29:53', 153, 7, 0),
(87, '2020-04-09 07:30:00', '2020-04-09 17:00:00', 5, '1600.00', '2020-02-14 14:29:53', 159, 8, 0),
(88, '2020-09-09 08:30:00', '2020-09-09 17:00:00', 3, '960.00', '2020-02-14 14:29:53', 170, 8, 0),
(89, '2020-05-19 14:00:00', '2020-05-19 18:00:00', 10, '3205.00', '2019-12-18 14:29:53', 175, 2, 0),
(90, '2020-06-26 07:00:00', '2020-06-26 13:00:00', 4, '843.60', '2020-06-26 14:59:00', 150, 3, 0),
(91, '2020-06-27 07:00:00', '2020-06-27 16:20:00', 4, '400.00', '2020-06-27 16:30:00', 182, 2, 0),
(92, '2020-06-28 08:50:00', '2020-06-28 13:00:00', 4, '843.60', '2020-06-28 16:50:00', 186, 1, 0),
(93, '2020-06-29 09:20:00', '2020-06-29 16:40:00', 2, '298.00', '2020-06-29 17:30:00', 189, 3, 0),
(94, '2020-06-30 07:00:00', '2020-06-30 12:30:00', 4, '843.60', '2020-06-30 16:00:00', 190, 1, 0),
(110, '2020-08-17 07:30:00', '2020-08-17 12:00:00', 5, '500.00', '2020-05-15 14:29:53', 189, 11, 0),
(111, '2020-07-12 09:30:00', '2020-07-12 15:00:00', 3, '272.34', '2020-03-15 14:29:53', 169, 6, 0),
(112, '2020-10-01 08:30:00', '2020-10-01 15:00:00', 1, '130.78', '2020-05-15 14:29:53', 149, 4, 0),
(113, '2020-06-07 07:30:00', '2020-06-07 16:00:00', 4, '596.00', '2020-03-15 14:29:53', 139, 1, 0),
(114, '2020-05-19 09:00:00', '2020-05-19 17:30:00', 7, '700.00', '2020-02-15 14:29:53', 196, 11, 0),
(115, '2020-06-11 08:30:00', '2020-06-11 12:00:00', 2, '221.56', '2020-04-15 14:29:53', 179, 7, 0),
(116, '2020-11-17 07:30:00', '2020-11-17 12:00:00', 1, '125.45', '2020-08-15 14:29:53', 145, 9, 0),
(117, '2020-08-03 07:30:00', '2020-08-03 14:00:00', 1, '90.78', '2020-05-15 14:29:53', 134, 6, 0),
(118, '2020-09-01 08:30:00', '2020-09-01 13:00:00', 1, '110.90', '2020-05-15 14:29:53', 169, 10, 0),
(119, '2020-06-17 07:30:00', '2020-06-17 12:00:00', 1, '320.50', '2020-04-15 14:29:53', 136, 2, 0),
(120, '2020-04-13 12:00:00', '2020-04-13 16:00:00', 3, '392.34', '2020-04-02 15:05:28', 197, 4, 0),
(121, '2020-04-12 20:00:00', '2020-04-12 12:00:00', 1, '149.00', '2020-04-02 15:13:52', 198, 1, 0),
(122, '2020-04-12 12:00:00', '2020-04-12 16:00:00', 3, '447.00', '2020-04-02 15:18:08', 198, 1, 0),
(123, '2020-09-13 08:30:00', '2020-09-13 13:30:00', 13, '1937.00', '2020-04-02 15:20:43', 198, 1, 0),
(124, '2020-08-30 12:00:00', '2020-08-30 16:00:00', 3, '447.00', '2020-04-02 15:22:32', 198, 1, 0),
(125, '2020-05-13 12:00:00', '2020-05-13 16:30:00', 4, '596.00', '2020-04-02 15:24:59', 198, 1, 0),
(126, '2020-03-12 12:00:00', '2020-04-13 12:00:00', 1, '149.00', '2020-04-02 15:28:03', 198, 1, 0),
(127, '2020-04-13 12:00:00', '2020-04-13 16:30:00', 3, '632.70', '2020-04-02 15:34:20', 198, 5, 0),
(128, '2020-05-13 12:00:00', '2020-05-13 16:30:00', 3, '961.50', '2020-04-02 15:37:56', 198, 2, 0),
(129, '2020-05-13 12:00:00', '2020-05-13 16:30:00', 3, '961.50', '2020-04-02 15:39:16', 206, 2, 0),
(130, '2020-06-13 16:30:00', '2020-06-13 20:00:00', 0, '0.00', '2020-04-02 15:43:46', 207, 4, 0),
(131, '2020-06-13 16:30:00', '2020-06-13 20:00:00', 5, '653.90', '2020-04-02 15:44:28', 207, 4, 0),
(132, '2020-08-13 12:00:00', '2020-08-14 15:00:00', 1, '110.78', '2020-04-02 15:46:13', 207, 7, 0),
(133, '2020-09-11 13:30:00', '2020-09-11 17:30:00', 2, '641.00', '2020-04-02 17:17:28', 208, 2, 0),
(134, '2020-12-12 12:30:00', '2020-12-12 16:30:00', 12, '1329.36', '2020-04-08 17:32:40', 208, 7, NULL),
(135, '2020-12-30 12:30:00', '2020-12-30 17:00:00', 12, '3846.00', '2020-04-08 17:35:35', 210, 2, NULL),
(136, '2020-04-12 15:30:00', '2020-04-12 19:30:00', 10, '907.80', '2020-04-08 17:57:54', 211, 6, NULL),
(137, '2020-04-12 12:30:00', '2020-04-13 17:30:00', 12, '1569.36', '2020-04-08 18:03:42', 212, 4, NULL),
(138, '2020-05-12 20:30:00', '2020-05-12 12:30:00', 12, '1329.36', '2020-04-08 18:07:13', 213, 7, NULL),
(139, '2020-12-30 12:30:00', '2020-12-31 12:30:00', 10, '3200.00', '2020-04-08 18:14:14', 214, 8, NULL),
(140, '2020-12-30 12:30:00', '2020-12-31 12:30:00', 10, '3200.00', '2020-04-08 18:15:09', 214, 8, NULL),
(141, '2020-03-30 10:00:00', '2019-03-30 14:00:00', 2, '298.00', '2020-03-30 15:00:00', 123, 1, 0),
(142, '2020-03-31 14:30:00', '2019-03-31 18:30:00', 10, '1490.00', '2020-03-31 00:00:00', 123, 1, 0),
(143, '2020-04-01 15:30:00', '2019-04-01 20:30:00', 5, '745.00', '2020-04-01 22:45:42', 123, 1, 0),
(144, '2020-04-02 10:00:00', '2019-04-02 15:30:00', 1, '149.00', '2020-04-02 01:24:25', 123, 1, 0),
(145, '2020-04-03 08:30:00', '2018-04-03 13:50:00', 7, '2243.50', '2020-04-03 08:49:24', 124, 2, 0),
(146, '2020-04-04 12:30:05', '2019-04-04 17:45:00', 3, '961.50', '2020-04-04 01:45:05', 123, 2, 0),
(147, '2020-04-05 09:30:00', '2020-04-05 17:30:00', 5, '1602.50', '2020-04-05 09:34:13', 124, 2, 0),
(148, '2020-04-06 09:30:00', '2020-04-06 12:40:12', 1, '320.50', '2020-04-06 09:34:13', 125, 2, 0),
(149, '2020-04-07 14:40:00', '2020-04-07 19:00:00', 2, '641.00', '2020-04-07 14:47:07', 126, 2, 0),
(150, '2020-04-08 10:00:00', '2020-04-08 14:00:00', 1, '320.50', '2020-04-08 14:47:07', 126, 2, 0),
(151, '2020-04-09 14:47:07', '2020-04-09 12:00:00', 3, '961.50', '2020-04-09 14:47:07', 127, 2, 0),
(152, '2020-04-10 15:00:00', '2020-04-10 20:30:00', 1, '200.35', '2020-04-10 15:00:46', 127, 3, 0),
(153, '2020-04-11 15:00:00', '2020-04-11 18:30:00', 3, '601.05', '2020-04-11 15:13:41', 127, 3, 0),
(154, '2020-04-12 16:00:00', '2020-04-12 20:30:00', 2, '400.70', '2020-04-12 16:27:46', 128, 3, 0),
(155, '2020-04-13 11:30:00', '2020-04-13 18:00:00', 4, '400.00', '2020-04-13 11:29:53', 129, 4, 0),
(156, '2020-04-14 07:30:00', '2020-04-14 10:30:00', 2, '641.00', '2020-04-14 07:30:00', 130, 2, 0),
(157, '2020-04-15 08:30:00', '2020-04-15 09:30:00', 4, '1282.00', '2020-04-15 07:30:00', 140, 2, 0),
(158, '2020-04-16 13:00:00', '2020-04-16 16:00:00', 1, '320.50', '2020-04-16 10:39:00', 138, 2, 0),
(159, '2020-04-17 09:30:00', '2020-04-17 10:30:00', 1, '149.00', '2020-04-17 08:30:00', 150, 1, 0),
(160, '2020-04-18 14:00:00', '2020-04-18 16:30:00', 2, '298.00', '2020-04-18 17:30:00', 135, 1, 0),
(161, '2020-04-19 11:30:00', '2020-04-19 13:30:00', 3, '447.00', '2020-04-19 18:30:00', 139, 1, 0),
(162, '2020-04-20 13:45:00', '2020-04-20 15:45:00', 9, '1341.00', '2020-04-20 13:30:00', 167, 1, 0),
(163, '2020-04-21 09:45:00', '2020-04-21 11:45:00', 1, '130.78', '2020-04-21 08:30:00', 154, 4, 0),
(164, '2020-04-22 08:20:00', '2020-04-22 12:00:00', 6, '784.68', '2020-04-22 15:13:00', 143, 4, 0),
(165, '2020-04-23 09:35:00', '2020-04-23 10:45:00', 2, '641.00', '2020-04-23 17:00:00', 147, 2, 0),
(166, '2020-04-24 13:00:00', '2020-04-24 17:00:00', 8, '726.24', '2020-04-24 15:30:00', 149, 6, 0),
(167, '2020-04-25 09:30:00', '2020-04-25 11:30:00', 1, '125.45', '2020-04-25 09:30:00', 164, 9, 0),
(168, '2020-04-26 11:30:00', '2020-04-26 15:00:00', 2, '400.07', '2020-04-26 11:29:53', 129, 3, 0),
(169, '2020-04-27 07:30:00', '2020-04-27 17:00:00', 3, '632.70', '2020-04-27 14:29:53', 129, 5, 0),
(170, '2020-04-28 08:30:00', '2020-04-28 15:00:00', 4, '443.12', '2020-04-28 14:29:53', 129, 7, 0),
(171, '2020-04-29 07:30:00', '2020-04-29 17:00:00', 3, '632.70', '2020-04-29 14:29:53', 129, 5, 0),
(172, '2020-04-30 08:30:00', '2020-04-30 17:00:00', 5, '1602.50', '2020-04-30 14:29:53', 129, 8, 0),
(173, '2020-05-01 09:00:00', '2020-05-01 14:00:00', 3, '961.50', '2020-05-01 14:29:53', 129, 2, 0),
(174, '2020-05-02 10:30:00', '2020-05-02 17:00:00', 4, '843.60', '2020-05-02 15:29:53', 129, 5, 0),
(175, '2020-05-03 09:30:00', '2020-05-03 16:00:00', 3, '376.35', '2020-05-03 10:29:53', 129, 9, 0),
(176, '2020-05-04 08:30:00', '2020-05-04 20:00:00', 1, '125.45', '2020-05-04 13:29:53', 129, 9, 0),
(177, '2020-05-05 09:30:00', '2020-05-05 17:00:00', 3, '961.50', '2020-05-05 14:24:53', 178, 2, 0),
(178, '2020-05-06 08:00:00', '2020-05-06 18:00:00', 6, '544.68', '2020-05-06 14:29:53', 185, 6, 0),
(179, '2020-05-07 08:30:00', '2020-05-07 16:00:00', 3, '300.00', '2020-05-07 14:29:53', 139, 11, 0),
(180, '2020-05-08 10:00:00', '2020-05-08 13:00:00', 2, '250.90', '2020-05-08 11:00:53', 150, 9, 0),
(181, '2020-05-09 10:30:00', '2020-05-09 17:00:00', 2, '421.80', '2020-05-09 11:02:50', 150, 5, 0),
(182, '2020-05-10 08:30:00', '2020-05-10 15:00:00', 4, '443.12', '2020-05-10 14:29:53', 153, 7, 0),
(183, '2020-05-11 07:30:00', '2020-05-11 17:00:00', 5, '1602.50', '2020-05-11 14:29:53', 159, 8, 0),
(184, '2020-05-12 08:30:00', '2020-05-12 17:00:00', 3, '961.50', '2020-05-12 14:29:53', 170, 8, 0),
(185, '2020-05-13 14:00:00', '2020-05-13 18:00:00', 10, '3205.00', '2020-05-13 14:29:53', 175, 2, 0),
(186, '2020-05-14 11:30:00', '2020-05-14 17:00:00', 6, '600.00', '2020-05-14 16:29:53', 173, 11, 0),
(187, '2020-05-15 13:00:00', '2020-05-15 16:00:00', 15, '3163.50', '2020-05-15 17:29:53', 180, 5, 0),
(188, '2020-05-16 10:30:00', '2020-05-16 16:00:00', 7, '2243.50', '2020-05-16 13:29:53', 182, 2, 0),
(189, '2020-05-17 09:00:00', '2020-05-17 17:00:00', 12, '1200.00', '2020-05-17 14:24:53', 184, 11, 0),
(190, '2020-05-18 08:00:00', '2020-05-18 18:00:00', 6, '544.68', '2020-05-18 14:29:53', 185, 6, 0),
(191, '2020-05-19 10:30:00', '2020-05-19 16:00:00', 20, '6410.00', '2020-05-19 14:29:53', 188, 8, 0),
(192, '2020-05-20 10:00:00', '2020-05-20 13:00:00', 2, '250.90', '2020-05-20 11:00:53', 150, 9, 0),
(193, '2020-05-21 11:00:00', '2020-05-21 17:30:00', 6, '894.00', '2020-05-21 18:30:00', 130, 2, 0),
(194, '2020-05-22 11:00:00', '2020-05-22 13:10:00', 8, '1046.24', '2020-05-22 15:45:00', 131, 3, 0),
(195, '2020-05-23 09:00:00', '2020-05-23 12:50:00', 2, '641.00', '2020-05-23 17:30:40', 130, 2, 0),
(196, '2020-05-24 08:00:00', '2020-05-24 11:50:00', 4, '400.00', '2020-05-24 15:30:40', 131, 1, 0),
(197, '2020-05-25 09:00:00', '2020-05-25 10:50:00', 2, '640.00', '2020-05-25 14:50:40', 132, 2, 0),
(198, '2020-05-26 07:30:00', '2020-05-26 11:50:00', 3, '961.50', '2020-05-26 10:10:40', 133, 3, 0),
(199, '2020-05-27 14:00:00', '2020-05-27 19:10:00', 5, '1001.75', '2020-05-27 17:30:40', 134, 5, 0),
(200, '2020-05-28 10:00:00', '2020-05-28 18:50:00', 2, '298.00', '2020-05-28 14:30:40', 135, 1, 0),
(201, '2020-05-29 15:00:00', '2020-05-29 15:50:00', 3, '300.00', '2020-05-29 11:30:40', 136, 3, 0),
(202, '2020-05-30 09:00:00', '2020-05-30 14:50:00', 3, '961.50', '2020-05-30 14:30:40', 137, 1, 0),
(203, '2020-05-31 19:00:00', '2020-05-31 19:50:00', 3, '961.50', '2020-05-31 00:00:00', 138, 4, 0),
(204, '2020-06-01 12:00:00', '2020-06-01 13:50:00', 8, '1687.20', '2020-06-01 00:00:00', 139, 4, 0),
(205, '2020-06-02 08:00:00', '2020-06-02 13:40:00', 2, '298.00', '2020-06-02 15:30:00', 140, 1, 0),
(206, '2020-06-03 07:00:00', '2020-06-03 15:00:00', 4, '843.60', '2020-06-03 16:00:00', 141, 2, 0),
(207, '2020-06-04 09:40:00', '2020-06-04 13:56:00', 3, '961.50', '2020-06-04 14:00:00', 142, 5, 0),
(208, '2020-06-05 13:00:00', '2020-06-05 17:29:00', 1, '320.50', '2020-06-05 17:59:00', 143, 2, 0),
(209, '2020-06-06 17:00:00', '2020-06-06 19:50:00', 3, '961.50', '2020-06-06 19:59:00', 144, 4, 0),
(210, '2020-06-07 10:40:00', '2020-06-07 11:59:00', 3, '632.70', '2020-06-07 13:30:40', 145, 2, 0),
(211, '2020-06-08 13:00:00', '2020-06-08 14:29:00', 1, '320.50', '2020-06-08 16:59:00', 146, 3, 0),
(212, '2020-06-09 17:00:00', '2020-06-09 19:50:00', 3, '961.50', '2020-06-09 20:00:00', 147, 2, 0),
(213, '2020-06-10 10:00:00', '2020-06-10 13:11:00', 3, '632.70', '2020-06-10 14:30:40', 148, 3, 0),
(214, '2020-06-11 08:00:00', '2020-06-11 17:40:00', 2, '298.00', '2020-06-11 18:30:00', 149, 1, 0),
(215, '2020-06-12 07:00:00', '2020-06-12 13:00:00', 4, '843.60', '2020-06-12 14:59:00', 150, 3, 0),
(216, '2020-06-13 07:00:00', '2020-06-13 16:20:00', 4, '400.00', '2020-06-13 16:30:00', 151, 2, 0),
(217, '2020-06-14 08:50:00', '2020-06-14 13:00:00', 4, '843.60', '2020-06-14 16:50:00', 151, 1, 0),
(218, '2020-06-15 09:20:00', '2020-06-15 16:40:00', 2, '298.00', '2020-06-15 17:30:00', 152, 3, 0),
(219, '2020-06-16 07:00:00', '2020-06-16 12:30:00', 4, '843.60', '2020-06-16 16:00:00', 153, 1, 0),
(220, '2020-06-17 10:00:00', '2020-06-17 13:11:00', 3, '632.70', '2020-06-17 14:30:40', 148, 3, 0),
(221, '2020-06-18 08:00:00', '2020-06-18 17:40:00', 2, '298.00', '2020-06-18 18:30:00', 149, 1, 0),
(222, '2020-06-19 07:00:00', '2020-06-19 13:00:00', 4, '843.60', '2020-06-19 14:59:00', 150, 3, 0),
(223, '2020-06-20 07:00:00', '2020-06-20 16:20:00', 4, '400.00', '2020-06-20 16:30:00', 151, 2, 0),
(224, '2020-06-21 08:50:00', '2020-06-21 13:00:00', 4, '843.60', '2020-06-21 16:50:00', 151, 1, 0),
(225, '2020-06-22 09:20:00', '2020-06-22 16:40:00', 2, '298.00', '2020-06-22 17:30:00', 152, 3, 0),
(226, '2020-06-23 07:00:00', '2020-06-23 12:30:00', 4, '843.60', '2020-06-23 16:00:00', 153, 1, 0),
(227, '2020-06-24 10:00:00', '2020-06-24 13:11:00', 3, '632.70', '2020-06-24 14:30:40', 148, 3, 0),
(228, '2020-06-25 08:00:00', '2020-06-25 17:40:00', 2, '298.00', '2020-06-25 18:30:00', 149, 1, 0),
(230, '2020-03-12 12:00:00', '2020-03-12 16:30:00', 12, '1788.00', '2020-04-11 12:09:02', 443, 1, 0),
(231, '0000-00-00 00:00:00', '0000-00-00 00:00:00', 0, '0.00', '2020-04-12 15:37:11', 444, 1, 0),
(232, '2020-05-13 12:00:00', '2020-05-13 16:30:00', 10, '1490.00', '2020-04-14 11:00:24', 445, 1, 0),
(233, '2020-09-20 12:00:00', '2020-09-20 16:30:00', 12, '1788.00', '2020-04-14 11:06:26', 446, 1, 0),
(234, '2020-03-20 12:00:00', '2020-03-21 16:30:00', 2, '250.90', '2020-04-14 11:11:58', 447, 9, 0),
(235, '2020-05-05 08:00:00', '2020-05-05 13:30:00', 10, '1490.00', '2020-04-14 11:17:49', 448, 1, 0),
(236, '2020-03-12 12:00:00', '2020-03-14 12:00:00', 10, '1490.00', '2020-04-14 11:31:23', 449, 1, 0),
(237, '2020-12-12 08:00:00', '2020-12-12 17:43:00', 1, '149.00', '2020-04-14 11:36:52', 450, 1, 0);

-- --------------------------------------------------------

--
-- Table structure for table `tipo_usuario`
--

CREATE TABLE `tipo_usuario` (
  `ID` int(11) NOT NULL,
  `nombre_tipo` varchar(15) NOT NULL
) ENGINE=InnoDB DEFAULT CHARSET=latin1;

--
-- Dumping data for table `tipo_usuario`
--

INSERT INTO `tipo_usuario` (`ID`, `nombre_tipo`) VALUES
(1, 'Administrativo'),
(2, 'Empleado');

-- --------------------------------------------------------

--
-- Table structure for table `tours`
--

CREATE TABLE `tours` (
  `ID` int(11) NOT NULL,
  `nombre` varchar(25) NOT NULL,
  `precio` decimal(8,2) NOT NULL,
  `descripcion` varchar(100) NOT NULL
) ENGINE=InnoDB DEFAULT CHARSET=latin1;

--
-- Dumping data for table `tours`
--

INSERT INTO `tours` (`ID`, `nombre`, `precio`, `descripcion`) VALUES
(1, 'Snorkel-Scubba', '149.00', 'Se uno con el mar y conoces sus maravillas. Haz snorkeling y scubba diving'),
(2, 'Para Ski', '320.50', 'Conoces el cielo y el mar haciendo parasailing y manejando una jet ski'),
(3, 'Skyswim & Snorkel', '200.35', 'Cae dos metros y mete al agua para hacer snorkel'),
(4, 'Zoo Day', '130.78', 'Visista a parques donde conoceras, alimentar y hasta jugar con los animales'),
(5, 'Cano Diving', '210.90', 'Haz canopy luego metete al mar para hacer scubba diving'),
(6, 'Seatreking', '90.78', 'Ponte un casco y conoce las profundidades del mar'),
(7, 'Fishing Day', '110.78', 'Tomate un dia de pesca. Atrapa pescados y luego sueltalos.'),
(8, 'Surf & Turf', '320.00', 'Disfruta del Windsurfing y luego maneja de una ATV en terrenos piedrosos'),
(9, 'ATV Day', '125.45', 'Maneja las calles en una ATV '),
(10, 'Windsurf-up', '110.90', 'Haz windsurfing en aguas cristalinas y siente la brisa en tu cara'),
(11, 'Swimming with Dolphins', '100.00', 'En un dia espectacular nada con los delfines, toma fotos y dales besos');

-- --------------------------------------------------------

--
-- Table structure for table `tours_actividades`
--

CREATE TABLE `tours_actividades` (
  `id` int(11) NOT NULL,
  `id_actividad` int(11) NOT NULL,
  `id_tour` int(11) NOT NULL
) ENGINE=InnoDB DEFAULT CHARSET=latin1;

--
-- Dumping data for table `tours_actividades`
--

INSERT INTO `tours_actividades` (`id`, `id_actividad`, `id_tour`) VALUES
(1, 1, 1),
(2, 2, 1),
(3, 7, 2),
(4, 3, 2),
(5, 10, 3),
(6, 1, 3),
(7, 11, 4),
(8, 6, 5),
(9, 2, 5),
(10, 9, 6),
(11, 8, 7),
(12, 4, 8),
(13, 12, 8),
(14, 12, 9),
(15, 4, 10),
(16, 5, 11);

-- --------------------------------------------------------

--
-- Table structure for table `tours_ubicaciones`
--

CREATE TABLE `tours_ubicaciones` (
  `id` int(11) NOT NULL,
  `id_tours` int(11) NOT NULL,
  `id_ubicaciones` int(11) NOT NULL
) ENGINE=InnoDB DEFAULT CHARSET=latin1;

--
-- Dumping data for table `tours_ubicaciones`
--

INSERT INTO `tours_ubicaciones` (`id`, `id_tours`, `id_ubicaciones`) VALUES
(1, 1, 1),
(2, 1, 2),
(3, 2, 3),
(4, 2, 5),
(5, 3, 8),
(6, 4, 9),
(7, 4, 11),
(8, 5, 16),
(9, 5, 8),
(10, 6, 10),
(11, 7, 5),
(12, 8, 6),
(13, 8, 16),
(14, 9, 16),
(15, 10, 12),
(16, 11, 5);

-- --------------------------------------------------------

--
-- Table structure for table `ubicaciones`
--

CREATE TABLE `ubicaciones` (
  `id` int(11) NOT NULL,
  `nombre` varchar(25) NOT NULL,
  `id_municipio` int(11) NOT NULL
) ENGINE=InnoDB DEFAULT CHARSET=latin1;

--
-- Dumping data for table `ubicaciones`
--

INSERT INTO `ubicaciones` (`id`, `nombre`, `id_municipio`) VALUES
(1, 'Bananarama', 1),
(2, 'Henry Morgan', 1),
(3, 'Mayan Princess', 1),
(4, 'Infinity Bay', 1),
(5, 'Anthony\'s Key', 1),
(6, 'Foster\'s', 1),
(7, 'Grand Hotel Roatan', 1),
(8, 'Tabyana', 1),
(9, 'Little French Key', 1),
(10, 'Bucaneer', 1),
(11, 'Iguana Farm', 1),
(12, 'Media Luna Resort', 2),
(13, 'Frank\'s Hideaway', 1),
(14, 'Beacher\'s', 1),
(15, 'Pristine Bay', 1),
(16, 'Gumbalimba Park', 1);

--
-- Indexes for dumped tables
--

--
-- Indexes for table `actividades`
--
ALTER TABLE `actividades`
  ADD PRIMARY KEY (`id`);

--
-- Indexes for table `clientes`
--
ALTER TABLE `clientes`
  ADD PRIMARY KEY (`id`),
  ADD UNIQUE KEY `email` (`email`);

--
-- Indexes for table `departamentos`
--
ALTER TABLE `departamentos`
  ADD PRIMARY KEY (`id`);

--
-- Indexes for table `empleados`
--
ALTER TABLE `empleados`
  ADD PRIMARY KEY (`id`),
  ADD UNIQUE KEY `username` (`username`,`email`),
  ADD KEY `tipo_usuario_id` (`tipo_usuario_id`),
  ADD KEY `id_posicion` (`id_posicion`);

--
-- Indexes for table `empleados_reservaciones`
--
ALTER TABLE `empleados_reservaciones`
  ADD PRIMARY KEY (`id`),
  ADD KEY `reservacion_id` (`reservacion_id`),
  ADD KEY `empleados_id` (`empleados_id`);

--
-- Indexes for table `municipios`
--
ALTER TABLE `municipios`
  ADD PRIMARY KEY (`id`),
  ADD KEY `id_departamento` (`id_departamento`);

--
-- Indexes for table `posiciones`
--
ALTER TABLE `posiciones`
  ADD PRIMARY KEY (`id`);

--
-- Indexes for table `reservaciones`
--
ALTER TABLE `reservaciones`
  ADD PRIMARY KEY (`id`),
  ADD KEY `tours_id` (`tours_id`),
  ADD KEY `id_clientes` (`id_clientes`);

--
-- Indexes for table `tipo_usuario`
--
ALTER TABLE `tipo_usuario`
  ADD PRIMARY KEY (`ID`);

--
-- Indexes for table `tours`
--
ALTER TABLE `tours`
  ADD PRIMARY KEY (`ID`);

--
-- Indexes for table `tours_actividades`
--
ALTER TABLE `tours_actividades`
  ADD PRIMARY KEY (`id`),
  ADD KEY `id_actividad` (`id_actividad`),
  ADD KEY `id_tour` (`id_tour`);

--
-- Indexes for table `tours_ubicaciones`
--
ALTER TABLE `tours_ubicaciones`
  ADD PRIMARY KEY (`id`),
  ADD KEY `id_tours` (`id_tours`),
  ADD KEY `id_ubicaciones` (`id_ubicaciones`);

--
-- Indexes for table `ubicaciones`
--
ALTER TABLE `ubicaciones`
  ADD PRIMARY KEY (`id`),
  ADD KEY `id_municipio` (`id_municipio`);

--
-- AUTO_INCREMENT for dumped tables
--

--
-- AUTO_INCREMENT for table `actividades`
--
ALTER TABLE `actividades`
  MODIFY `id` int(11) NOT NULL AUTO_INCREMENT, AUTO_INCREMENT=13;

--
-- AUTO_INCREMENT for table `clientes`
--
ALTER TABLE `clientes`
  MODIFY `id` int(11) NOT NULL AUTO_INCREMENT, AUTO_INCREMENT=451;

--
-- AUTO_INCREMENT for table `departamentos`
--
ALTER TABLE `departamentos`
  MODIFY `id` int(11) NOT NULL AUTO_INCREMENT, AUTO_INCREMENT=2;

--
-- AUTO_INCREMENT for table `empleados`
--
ALTER TABLE `empleados`
  MODIFY `id` int(11) NOT NULL AUTO_INCREMENT, AUTO_INCREMENT=54;

--
-- AUTO_INCREMENT for table `empleados_reservaciones`
--
ALTER TABLE `empleados_reservaciones`
  MODIFY `id` int(11) NOT NULL AUTO_INCREMENT, AUTO_INCREMENT=916;

--
-- AUTO_INCREMENT for table `municipios`
--
ALTER TABLE `municipios`
  MODIFY `id` int(11) NOT NULL AUTO_INCREMENT, AUTO_INCREMENT=3;

--
-- AUTO_INCREMENT for table `posiciones`
--
ALTER TABLE `posiciones`
  MODIFY `id` int(11) NOT NULL AUTO_INCREMENT, AUTO_INCREMENT=4;

--
-- AUTO_INCREMENT for table `reservaciones`
--
ALTER TABLE `reservaciones`
  MODIFY `id` int(11) NOT NULL AUTO_INCREMENT, AUTO_INCREMENT=238;

--
-- AUTO_INCREMENT for table `tipo_usuario`
--
ALTER TABLE `tipo_usuario`
  MODIFY `ID` int(11) NOT NULL AUTO_INCREMENT, AUTO_INCREMENT=3;

--
-- AUTO_INCREMENT for table `tours`
--
ALTER TABLE `tours`
  MODIFY `ID` int(11) NOT NULL AUTO_INCREMENT, AUTO_INCREMENT=12;

--
-- AUTO_INCREMENT for table `tours_actividades`
--
ALTER TABLE `tours_actividades`
  MODIFY `id` int(11) NOT NULL AUTO_INCREMENT, AUTO_INCREMENT=17;

--
-- AUTO_INCREMENT for table `tours_ubicaciones`
--
ALTER TABLE `tours_ubicaciones`
  MODIFY `id` int(11) NOT NULL AUTO_INCREMENT, AUTO_INCREMENT=17;

--
-- AUTO_INCREMENT for table `ubicaciones`
--
ALTER TABLE `ubicaciones`
  MODIFY `id` int(11) NOT NULL AUTO_INCREMENT, AUTO_INCREMENT=17;

--
-- Constraints for dumped tables
--

--
-- Constraints for table `empleados`
--
ALTER TABLE `empleados`
  ADD CONSTRAINT `empleados_ibfk_1` FOREIGN KEY (`tipo_usuario_id`) REFERENCES `tipo_usuario` (`ID`),
  ADD CONSTRAINT `empleados_ibfk_2` FOREIGN KEY (`id_posicion`) REFERENCES `posiciones` (`id`);

--
-- Constraints for table `empleados_reservaciones`
--
ALTER TABLE `empleados_reservaciones`
  ADD CONSTRAINT `empleados_reservaciones_ibfk_1` FOREIGN KEY (`reservacion_id`) REFERENCES `reservaciones` (`id`),
  ADD CONSTRAINT `empleados_reservaciones_ibfk_2` FOREIGN KEY (`empleados_id`) REFERENCES `empleados` (`id`);

--
-- Constraints for table `municipios`
--
ALTER TABLE `municipios`
  ADD CONSTRAINT `municipios_ibfk_1` FOREIGN KEY (`id_departamento`) REFERENCES `departamentos` (`id`);

--
-- Constraints for table `reservaciones`
--
ALTER TABLE `reservaciones`
  ADD CONSTRAINT `reservaciones_ibfk_1` FOREIGN KEY (`tours_id`) REFERENCES `tours` (`ID`),
  ADD CONSTRAINT `reservaciones_ibfk_2` FOREIGN KEY (`id_clientes`) REFERENCES `clientes` (`id`);

--
-- Constraints for table `tours_actividades`
--
ALTER TABLE `tours_actividades`
  ADD CONSTRAINT `tours_actividades_ibfk_1` FOREIGN KEY (`id_actividad`) REFERENCES `actividades` (`id`),
  ADD CONSTRAINT `tours_actividades_ibfk_2` FOREIGN KEY (`id_tour`) REFERENCES `tours` (`ID`);

--
-- Constraints for table `tours_ubicaciones`
--
ALTER TABLE `tours_ubicaciones`
  ADD CONSTRAINT `tours_ubicaciones_ibfk_1` FOREIGN KEY (`id_tours`) REFERENCES `tours` (`ID`),
  ADD CONSTRAINT `tours_ubicaciones_ibfk_2` FOREIGN KEY (`id_ubicaciones`) REFERENCES `ubicaciones` (`id`);

--
-- Constraints for table `ubicaciones`
--
ALTER TABLE `ubicaciones`
  ADD CONSTRAINT `ubicaciones_ibfk_1` FOREIGN KEY (`id_municipio`) REFERENCES `municipios` (`id`);
COMMIT;

/*!40101 SET CHARACTER_SET_CLIENT=@OLD_CHARACTER_SET_CLIENT */;
/*!40101 SET CHARACTER_SET_RESULTS=@OLD_CHARACTER_SET_RESULTS */;
/*!40101 SET COLLATION_CONNECTION=@OLD_COLLATION_CONNECTION */;
